{
    "CLASS_NAME": "LightSource",
    "name": "Soleil - HU52",
    "electron_beam": {
        "CLASS_NAME": "ElectronBeam",
        "energy_in_GeV": 2.75,
        "energy_spread": 0.0010249999999999999,
        "current": 0.5,
        "number_of_bunches": 1,
        "moment_xx": 4.327838057821782e-08,
        "moment_xxp": 5.6682108910891065e-11,
        "moment_xpxp": 9.998891189028644e-10,
        "moment_yy": 1.0489710618811881e-10,
        "moment_yyp": -1.4277590841584156e-11,
        "moment_ypyp": 2.2189176458376455e-11
    },
    "magnetic_structure": {
        "CLASS_NAME": "Undulator",
        "K_vertical": 2.4148775905065296,
        "K_horizontal": 0.0,
        "period_length": 0.0524,
        "number_of_periods": 30.0
    }
}